-- phpMyAdmin SQL Dump
-- version 4.7.4
-- https://www.phpmyadmin.net/
--
-- Servidor: 127.0.0.1
-- Tiempo de generación: 11-12-2018 a las 14:22:28
-- Versión del servidor: 10.1.28-MariaDB
-- Versión de PHP: 7.1.11

SET SQL_MODE = "NO_AUTO_VALUE_ON_ZERO";
SET AUTOCOMMIT = 0;
START TRANSACTION;
SET time_zone = "+00:00";


/*!40101 SET @OLD_CHARACTER_SET_CLIENT=@@CHARACTER_SET_CLIENT */;
/*!40101 SET @OLD_CHARACTER_SET_RESULTS=@@CHARACTER_SET_RESULTS */;
/*!40101 SET @OLD_COLLATION_CONNECTION=@@COLLATION_CONNECTION */;
/*!40101 SET NAMES utf8mb4 */;

--
-- Base de datos: `myface`
--

-- --------------------------------------------------------

--
-- Estructura de tabla para la tabla `imagenes`
--

CREATE TABLE `imagenes` (
  `id_usuario` int(5) NOT NULL,
  `imagen` blob NOT NULL,
  `descripcion` varchar(200) NOT NULL
) ENGINE=InnoDB DEFAULT CHARSET=latin1;

-- --------------------------------------------------------

--
-- Estructura de tabla para la tabla `sessions`
--

CREATE TABLE `sessions` (
  `session_id` varchar(128) CHARACTER SET utf8mb4 COLLATE utf8mb4_bin NOT NULL,
  `expires` int(11) UNSIGNED NOT NULL,
  `data` text CHARACTER SET utf8mb4 COLLATE utf8mb4_bin
) ENGINE=InnoDB DEFAULT CHARSET=latin1;

--
-- Volcado de datos para la tabla `sessions`
--

INSERT INTO `sessions` (`session_id`, `expires`, `data`) VALUES
('agaf8hQ2m9oZdoZ0C5Jc99f0-YjhRAQb', 1544619707, '{\"cookie\":{\"originalMaxAge\":null,\"expires\":null,\"httpOnly\":true,\"path\":\"/\"},\"currentUser\":\"nuevo1@gmail.com\",\"currentUserId\":7,\"currentUserPoints\":0,\"currentUserImage\":true}');

-- --------------------------------------------------------

--
-- Estructura de tabla para la tabla `tabla_preguntas`
--

CREATE TABLE `tabla_preguntas` (
  `id` int(5) NOT NULL,
  `texto_pregunta` varchar(50) NOT NULL
) ENGINE=InnoDB DEFAULT CHARSET=latin1;

--
-- Volcado de datos para la tabla `tabla_preguntas`
--

INSERT INTO `tabla_preguntas` (`id`, `texto_pregunta`) VALUES
(1, 'alex pregun'),
(2, 'mario pregu'),
(3, 'hola'),
(4, '¿de que col'),
(5, 'probando la'),
(6, 'era problema de la db'),
(7, '¿como quieres la cena?');

-- --------------------------------------------------------

--
-- Estructura de tabla para la tabla `tabla_relacion`
--

CREATE TABLE `tabla_relacion` (
  `id` int(5) NOT NULL,
  `id_usuario_A` int(5) NOT NULL,
  `id_usuario_B` int(5) NOT NULL,
  `estado_relacion` int(11) NOT NULL,
  `usuario_inicio_relacion` int(5) NOT NULL
) ENGINE=InnoDB DEFAULT CHARSET=latin1;

-- --------------------------------------------------------

--
-- Estructura de tabla para la tabla `tabla_respuestas`
--

CREATE TABLE `tabla_respuestas` (
  `id` int(11) NOT NULL,
  `id_pregunta` int(11) NOT NULL,
  `texto` varchar(11) NOT NULL
) ENGINE=InnoDB DEFAULT CHARSET=latin1;

--
-- Volcado de datos para la tabla `tabla_respuestas`
--

INSERT INTO `tabla_respuestas` (`id`, `id_pregunta`, `texto`) VALUES
(1, 1, 'hola\r'),
(2, 1, 'adios'),
(3, 2, 'hola \r'),
(4, 2, 'que'),
(5, 2, 'nueva'),
(6, 3, 's'),
(7, 4, 'blanco\r'),
(8, 4, 'negro\r'),
(9, 4, 'rubio'),
(10, 5, 's'),
(11, 6, 'si\r'),
(12, 6, 'no'),
(13, 6, 'valetio'),
(14, 7, 'hecha\r'),
(15, 7, 'sin hacer');

-- --------------------------------------------------------

--
-- Estructura de tabla para la tabla `tabla_respuestas_usuario`
--

CREATE TABLE `tabla_respuestas_usuario` (
  `id_respuesta` int(11) NOT NULL,
  `id_usuario` int(11) NOT NULL
) ENGINE=InnoDB DEFAULT CHARSET=latin1;

--
-- Volcado de datos para la tabla `tabla_respuestas_usuario`
--

INSERT INTO `tabla_respuestas_usuario` (`id_respuesta`, `id_usuario`) VALUES
(1, 1),
(5, 2),
(13, 1);

-- --------------------------------------------------------

--
-- Estructura de tabla para la tabla `usuario`
--

CREATE TABLE `usuario` (
  `id` int(5) NOT NULL,
  `email` varchar(100) NOT NULL,
  `password` varchar(100) NOT NULL,
  `nombre` varchar(100) NOT NULL,
  `fechaNacimiento` date NOT NULL,
  `genero` enum('hombre','mujer','otro') NOT NULL,
  `imagen` mediumblob,
  `puntos` int(5) NOT NULL DEFAULT '0'
) ENGINE=InnoDB DEFAULT CHARSET=latin1;

--
-- Volcado de datos para la tabla `usuario`
--

INSERT INTO `usuario` (`id`, `email`, `password`, `nombre`, `fechaNacimiento`, `genero`, `imagen`, `puntos`) VALUES
(1, 'usuario@ucm.es', '123', 'Usuario User', '1999-02-03', 'hombre', NULL, 0),
(2, 'marios20@ucm.es', '123', 'Mario', '1994-01-03', 'otro', NULL, 0),
(6, 'akions10@gmail.com', '123', 'Hola', '1111-03-03', 'mujer', NULL, 0),
(7, 'nuevo1@gmail.com', '', 'Nuevo1', '1999-12-11', 'hombre', 0x89504e470d0a1a0a0000000d494844520000025800000258080300000089b868ee0000001974455874536f6674776172650041646f626520496d616765526561647971c9653c00000033504c5445ffffffe1001afdeff1e31028ec6070f49fa9f9cfd4e73045e52037f07f8ce94053fbdfe2f7bfc6f6afb7f28f9aee707fea5062753c3bd700001c2d4944415478daec5deb9adcb60ef3c8f7fbbcffd39e4d93f4eca69b195922215206feb65fd663c120095252d310044110044110044110044110044110044110044110044110044110044138c4b66dfd3ccfddf281c777f8f11fba8fff63db06be2de21d9b3ec8f43726bdc2b83ce7830c23be62fde053b78c8f7cb41f22b6935fb7c7b0cde7323dc4312d734f7add33e8f5b38844bd8c8fddb1f14ddf27eeedf3737ac04076dd21f2f5e7f22881e5dc035f7f9508fbbcb48f9298ba7ee53ad415fcfa6e7a9800c9554ff43b9eedc314c673e7b2b8572a63a4fa37e73a684678c57e4e0fcb98285c0ea5ea783e1ca07df6ac151d6555e7f8f00372cb0baba68737905b6415b94556b9e316737993d9ba6f56fdcce53b7a10a610fae55109a683c6bc991068d5046548742d56e3a33a4c33658b6245d9aa0ef56456df675b34208ac4c0797a548eb6634484bb0bd5c6c03f862038d48cc4d63d6e83a9e77aa368b53c6e856966b2455ae9245ba4967a21383e6e09e6f1bab49a1ef705a9a585fdceb422b5985b915aa495436a318d97b443492b56881a2e3be9f4955ae48400c2dc924b74e3e51d06d2ea3b8cec21e6e5ec1339f4b7f6340b44e6ec3a3899c5272657e4ce9b2cfe204bd8be61aac52848c3945190603c642da8150fb97d3a4eae9ee40aeb43791c744413ac7826f14cda99c453ae5c25f1dc3a4db9d2c193a245b9a26851ae9869b9c64eb9627948efca30385e4aab5dc988e7a0d66fb033289bc37370f967d63e920bcce199b5fb0887ec4b9f64810a7a864182e150bc1a641864386435c80e0f4d51e2be66e94053541f371c78a0cbc0448be915132d2fe9150f26c2e146dbc302dd2ba8a3759bb49de91516cb3d52789e78854fe1ef3049d3739d0ba4f0f5178792697b5779ae2628ed6de523cbb2e5e05a7715d08b8a7bd5e30eb244f8a87642c5f9dadc34139955c26658abae303bf17cb45adb419804cf9fff68d5e6534b66e1edabade62af3a9d2f9eac8ab08d7af66ff62fc65694ae790154e3b88dba29b8a83618b57f2cdfab1366689cbcaa2e48d99f0affebffae2656f65cc920f575f8ae7baecac2f36f9f920b390bc9aea1d97f8da7e591f6416b23df887db579351baebf5c02a639602afa67a4771fe34c8e525ab1666f580b7df345ba5bc52294daa609606afda50eb38ce3716a68264d5c02c95f5fe76bfdc5127af9a46e30ccd85bc8a14ac2aecacef977b8351d80ff6074cb03ee07d6bf5df02d44266616ab58019cbb1c22ba5c2a423afa2df886b66bd984bd739a9fc24afbe62c5ffc9b2bcd2aa789dce9406a5533fba1264861bee5f319159fa6169c597a1458c51c4aff278b08316af9e250c0e75bc3b604149b21cee37543395b6627f196d8c223e1777cc525bdda5e0df2ec72bbdf18dc95773472f1e6d05b33bb881f50973c93f5eb9e11edde372c6aca8a5d59b387bfae19562cd1f5720af9e4c8736ee2818bd3310dd58f08ae39c53796a974a9f43e9afb55e03ebca2bd8dd102bda4aea0c3c439d0561bc6039b2b3e2d5622daf9a45719858052fb73fcd46be58fba5a1660c6a8311e52c93372b4ad663bc714178f9060ffba6c3d34c9261bd34547590da60e8614a7893aa3b916c1f07af1a7e2e5f3964dcceba9ed82c9a8f63f99452d58d326db015980b9462aa92d5da3db35bf774bd942cc0b29d9552e2ab4a96d9aea1f2010a491f945d3b2bc9eedecc7dba082c167fb5553b2b31579eec915d1dca37c5a5660036edac54715056608b0efcf6302ad36345bcd2962c830ebcf60955e9c5b0413b2b234d56962c7bc359cadbdb730eb130676765955fca57695bf349b58f7ac972ef8cd95979b304da971edb4ab3b4ef87c83c75a7af8757ea3987ad344b3b8dc99d44b3c4acdc9a5e5bb22ca559da66d194fd845d35bcd23fc8d74e9ab5995f0c3bcceaec7fc666e649c3645eb0cc980e127166d57e482b537f9d03c132c22c993eaffa0bb7717296fa04412b54b996371d842a2e75c932319ba57f29c4dc54c22cb1e4a573f20558b6dc9306fc8c9a0e6249b1feb5b25dfd81504cb08a334b702865517fd8d27b58d52b4241c12a6c3a48da43fa17bcb48583e1e94c94cb314bf677e84b5659031e703592ec887f31d3e1e9eec5170d8693b30f1d11bb150d2c6077b66c309cbd095629d3417e91fa87bb6fda9251a7f1e38602bc1a3c068b7236a97e06a9327686371d369fbfa2944d0ad80daa73ad1efa66439d5d5500c99a8bf00a71c1b79218634d07a5e5417c1e45066866af82d5606f36ec1c7fd8252e620564ee7ad923d0ce1a3d7fd925f6460332f749318ea3ec2cc5933610928537b376e79f0bc8ce523d1b68761cc84bd62493ea0f80d859bae3e3886c049dbf5710df11769672bf0d51dd62f37744789fb47fc4e1fdd3c04816347f477c2ab3fb5fd155b10ec8fc7dade4f73c9df30a235940ff7da9e4e7a8da5990233d112bf1809d7abb5523c08a7616e6a858c452e02c87a51efd55b3b350fbd42192059a9fd96b925f2d3b6ba8287aa02c87a926f555b2b370353aa4ebb9fb5d8952f9a28e9d053c0908b21c1305cb8419047d7c483bbda76019b0b3b05bf26a912cc407029e2f13b6b3d077d240244b3db823bacff0ed21a276167c0b0264845fdb5744749f0b0cc40ada59f88316216ba26d2c562958a2765681fd0773059235552958822970890bb42a902c480552e672b3c343c0a856b21082353565206167153aee00323da3f9d1542c582276d6d238fe284a4a56cd8225606795bb541923593d05ab08b34a1e2805912cb56f7ef1adb7ca7656d19b425c4b1664f4676e1aa7cc2a7b03cde258b2aa17acac685ff80678c857af3397b5d62f5819cc2a7e171b44b254cadeee0682d5a41e305efe26078c642974db02e2b9cbaf4fda0764e156d2d1e90241da066be37285460bf728638e56955fa1f6268295606719b99f1b32f037bbfc1e4c08d6e569012b57dd4296a82d1f1fbc0ad6553bcbcc15ca2eb755406a0e332b7469eeaf37f3d4901965e13355eb3be24b2aacd8e11568e04fd47108ee9e18f5f577961e1a52b977de9ed89260456bb4295e81244bb2069eee265891cc1a8d3d3344b204bb57bbbfa41062678dc1d83343fab982330e881b42fac61db3da60ee9921037f9ba7ef606aec616d9d185860c9124b2ce75b0ad65ba374b0f8c8ae6650a67b0ad61ba3d4e4a7e0eae87784eb7ed824d60ba3b437fac48881bfc58dba1a4c83df30abb3fac090e69bc8b400c2759f1bb3e87cf1cad199d6fd9d05eb2fcc5a0c3f2f42b24452e2f1d682f5ed0b1883afe73539888228334cafd37f8dd2c9f6f32206fe4e172656d7d8c61f2749b683f1e7f5610f019e7235be505f8d52f3bcf271c5e740c1fa8359bbfdc79d1c2cda49c1fa81ddbc31fa198019e5d63ef91d08d6a7f072787858c4c05fa6700322e1e68258bf54c0c757e0a0e2d28f844be3049d1f5e21242bb32e6c29589f98e5e62340485656713c50b03e332bb8795480ad9de5919e142ca7e86cc7c2c978a4260a4a56864da41f097b52c0ad6465382f27058b92a5911e4f142cbfd01ff80b66494fc152c466378f390c4769a2bc6475569fac0d5c7dcf92951a70d47751cc5c7cdf929568bef7142cdfe88da6321d05cb39b4abfa44c3a1a56051b25ec3a4edde71e1dd4b5652a757db6c58b9eeee252b299b592858eea13df097946451b02ac06c2fc9da2958942c8d244b79b261e0a2d720590949d6682f38130992652dc90ae62494b068731b4bb1285830acc6529ad3b560d1d44749d6e576e1e859b0f6d111b386d5b3645dbd0d5b37c5ead53fd2a71f5eb5dae38eaaf78a5c9dc9da2c3dcc65b47e7cb2a155bf454877e0ef626c983d0bd6ee67ecf99f83b7b49b10aacdb9ddceb3a80b56e76607d0cf43280fcf9275d1226d1d0bd6ef87b76feeff3a3657fd46bdc54c21a6398bd56abfc6df169cf9c342ff3d8e593b16f66696b3b7a39d19c68d75d3e199393b1e0fcd81bf35696d1c4e247f6ae8db66d6ff5fb27a2cecad64efa363c1ea9d0ce774c8e1b4c9c8827ade42f1f431f6f545444ec79275257bdf1c0b560097a0222bad7f88855e997fe5d90f23a99ec4b769f3bcff0d3df7a8e8785f88417aa30dfaa1e9cfce9849d3e13f974dabc742c519e50ba32a8b5fc10a05b2bacb585b78374251b22e98258e05eb9b2cd59ce910c6027b00f4242b5e6d07bf82f5ed8c88b579d5316b7524ec8d4265e1ee57b0d6427f377b85a742af06dad4990da479893884066815710a0d8fdb91ac90134e9c6ca1184b4d54645b95a75fc9da7257c7be60fdf5dd99311df662431f7a9215fdd5fa15acbf3bbbad8db32286566a1453c09545775306b782f54a6b4d980eaf6a7e4085b194550c25628ffa2f6e2d2c982906163216165ed9b97024d67297cb9b0e4fb9c126539295570f039be0a998c47a0f2592e7cead648592b40608d6dbe4b0eca4c3bb99a8b6fca7a79b3d4f5e05ebadd416351ddef733f6f2e456150daf8215f145149c7418de37813baf9215e737a818b408998fb1498a990e51c305c1a964c57d115b394e2b47c21f28745a4818fdc8ba9691a5c16948089a04bfae32dd1404eb35cca4a9d85f4608d66e28db4b757000df9fcac09fe0c7654fb0a29f1b7ffe697410e89d4a56d4fa2e3e052b7e8313dc74886fbe2262a186646d8588b51a8a843f52026c69b8b6c29fbe3dc98a2256a96a14150931fdf0ab052130162af849471962ada62221ba34bc348f3b5afb06e5729dd5a760ed06b3be4b0521f023945fe298b9eacda7605d9dd347990ebd46503127594b09624104ebf2f1e1a0d2f0f2342e2416ae2588256ebc6f168501e4adad6d1dfa2e61bdcf05c85ce44d01fad12161bf1324168a87a502c4da4c46428c1b99220c182b64714f2c8c60a5c56fed3da26933de8347c95ae15cde2c7f80bd41b603b6449759e6c5a1602557399aea90ba3d7332acf1768885b18b928fb654341dd27bbd18234476e06f07130bf3f5651c36a1561a86f4673a1d4ad60c66726f3b122ac6eacefcd7388189e550b0b20e79d6690cccca098b35c90213abb71e09b51e326fd140b317ad5b6281042bf7741c798118f2d6acc5bc3749c77281120b745642ee5913e2a561f6f02fe62800c9196528b150db8eb3b350e951e5ec13113b77920525d6ec23128af7e7f2a79d40b15050b290c4420996c4a94b9212217111d1eee7d5e189859afe15f163e4d2419143f2410701080efce18885122ca13ebd94460c32e105f4f23a87c43a1b57ef46a8340c427e76ef4db270c4421d7f2d9580ca94865247e43f1b67920523166ae79edcbd3fa3a9d0129c49168c58abb74f4ee25b10bc9916b53d6d71462cd85663c986d761463d71a7d26fce8885122cd9a9a23c9918448f71597d4916885830c192dd2097551a06d999ccc397648188853adb2c3c649163be09df99063b116771442cd8b535e2dbb6d34795c5cf4340c5c2dd11b1369f913027881fe24f02bba06572432c986085873ce6829f7d9958d8bb21164cb00e056225958683c651c48327c942fc15dcc5802a770c2794862a475cc3baad22928528126007a92bdd9e7db9340c3a97684f8d23c902100bf73e0e1d625d2e0db52ef186c5c2d905b17adf91f07a69786a3d062c160a84727d62e1046b7da861066728a55fe50c2056e746b04e3d625df81583e253ec7e244b9dbcb8af4ce91ada8ba5a18ad1006fb9e64b96fa9fc00996a65444978661547d08d8cb0cd68905bc1bf7542556646938ea3e04ee76f4cc0c28a24d90978bce7544c2d838d41978061395508429be3911aceda18d593f33b1130b33bf116d62cd5e5e8448bed8977f042b921541acc1876035adfeaabe290df535137a377aa7fd9c3e046b07aceaeb0f6568118fe024b798758915aa8a84af4bc300e115f26af4c52cb180d74b8296f5ef121fc6c20f604bb26655e2aeb897d03f4038b57af506a3c0a22bac8b03c1521876bff6ca3ad8df3f5c48d6a699bd00052b3c70184a1858973c6d318caac49a1d08560f2456bb16fdf33e128c5591586b9591f0bbd210ca2b642c4c6f93293a44c0f24573c42fe2a70d2df4af8f1e2281620ab7017fff8125d6d7d210cc2b6c284894ac454f0e16e0af6f46f0d27e2e0d039a57b8d1f774c98a5b7df382b53ee018d0c6e8274cc86f36edb3e9d4fe6da8601d7862fdee4717e015701b5872e916d7245e8c0b96fa88df8bd2f059e04f4363615aa48feb683e8d0bd65062717ffec4aec89f86c6c224c9dab4fee91df9d3cf22abfb238f28c32b6c2c4c92ac552985817e524522e13f7a3f17fac3d0a646926469f522fbfa236151b4c8f79b50734f4aff3256b0bafb110b9b6a5c7fc1b129b669c16ada1b12abb32d59a74e128315acfd86bcc2c6c2eb9215bbd761b12c58778c84e0587859b2625dccd9b060dd3212626747ae7fbcb176c8a1a28385073b9c23205ff2d5c23bf6dfbde437b4d09f5ca6a76200d87ce35a3234aac458ac60859bf20a1c0b37a567b32b58778d84e058784db2668d7f162b58b78d84e8587849b2e24bd6ceaa60adb7e51574f4fda264c5f7c867ab8275dc9758d0d1f76b3eb486106205ab196f4cac03fbaae3db2f1786f1a26bafae6124ac3416c697495748d09a94e75b4742f8cb9e34a474312958c546fc6e190ba325ebca7e87d9e43734dc9a57e8a66cf4672ccf56b4609df7261674f43d5eb246796d581909a138b1af3b725bc53579b12858dbcd79058f857109d1b5d46fb1a7cc371df12bf8c6e3246b904e671630af6e3ae2573016c64996b8a3bf817fe57e7b5ec163618c645dd497d59e6031128247dfe3246b968e3b5b6331e0570e74bdb4ca73fd694db07ad20abd0d2c2a4c046111440bd68d47fc4ac6c2b79275b935be1913ac40529588856f25eb7aa16aebcb61242c140bdf49d6f589e9c552dd7bef11bfbc85d495aceb6dbdd3d4cf5b49a99f78da7af3090ab39b12ac83944aacc2b2b108f7028225c162242cf7ee37e95c7b3424588c84e562e14bc94ad1cfd390609d2454b958b809ba582f932c78c9cb11bfb29ff5229962bd4ab2e02edd403a95f4a617e1fecb6286598c8479d6515e7e3b4adbb52fda852336d073b0e133b0dbc05edda2f7940f40506671c42f3f635669a5f50a4281641647fc8ac5c259e5415e2e683b3012d61e0b43a7239daf270a60cce26043a158f8ee72c6e4bd1d6f66a05ad0ec0c47fccac4c2b7975fa72bcbbb0e1dc4abe3889f9c545c2a99def12aa3b3f77693c6cc4858028866edfb79920c3773d0fcc71909d3a19fde4654e23999d0fb1edda26d3b70b0a1402c8cb9533dab651cd14bd136b438e2878f8543ccf85b56b08af1bc956d078ef8c163e116651ce67902317fa2dd18096b8a8571d552ab9ec3e9da0e3349a4b0ac02a3249965db0ef92b59e5c33da1654e8727e80122fb744fa5149e237ed84f398c28c98c9d2c502a0e39e2078d85430b2376f42c944e71c848888c857d0bfcf3d17fab5548e139e2878c850754302f4cd9c9770e39e2078c85575eb680dd71257deea4132d8ef8c16261b8e4440fe034473885672484c5c2e112af445a4a970a33d9149e830daf20f9116fd76283c870f4b5a68a640acf113f54bfe3eacc9bcc08ebc536f05cece7de0c72c7835cad919632eb2b96c233124262617816d2cacb11492885e76003647dd7cb83496d29a5144ae139e2878885c3754b47ac1ebd7e9f9b480acf113f402cec13ac42b9ca3fa1637732127a888529e36e82fb65538252f6200d47fcd46361e8cad039cf501a57b84c32162a7671fe4d73248dd92466e7a5f01cf1d376c087b44eac682b29f13ae61cd1e4889f72bad32776f865e7ee122bb4939150172b3c85153e0235b5bb929cc273b041351686e44937e171cee4fb4d5353788ef869c6c290ec118acf172617ff89293c47fc1463e190fe76c5a784d3edca24179e91503116f62d98c85ab12981e51c6cd08b8539ceb3c2168e0df9381cf15393909095bd6a1cd3b1e47c57178b438ef869c5c290d5da57b96e252bed990646420bb170c82b8a744e7fc9b22c2f9d75c4c106a55898190994ce7bcb7caa0b6ce7889f4e6994db26d33aae2ab3cb129fc273c44f4346c292f997d40ee5ca4da963fb3b8c84971099be0e23501bc17678647f87237e9710d7e9dfb37b19adde31c6d92b1ed7dfe160837c2c14485b156f8b08f91dbc88fc8f237ee2b13008f4f45bcd73d76704ef39e2271d0bd711f1570a4bd6fb8dd28c84c2b170131915d1bd724c22af7ed3dfe16083702c947105956f4d0a1272f23a85e7889f68940a42ef53fb8e4491f6f0cb112d8ef849c6c275d4e7ae09fbfd6d0acfc106c958b8097da6adfeddf2420bffd7149e830d827a22d67445dc782aa4ad7f49e139e227170b8358ba0a10acbc51d2f7293c23a1582c1ce47af908c1ca1b25fd825ef31fbf7d2cdce5aa20886049b65c4e0e36a8c542c94e7edf6020e734fde746698ef8c9c4c2b0a8b25609ab9cc88e0347fc14c47f106d8bed286249ca6cbb33128aab8a6c05b4c07825d3d8f9aee2e06083402c0cc24db10d472cd946f127af94830df9b170104e27ba06095157e0df89658ef8e5c7c25eb8d7daae5062c952e0f7a6430e3664c742f164626eb010fe0107071b2462e12a5e554f014cac204c821f891647fc3263e12eff65ee0d1ad22c688f8d830d79b150a1a65e1a3cd8d5bb01d602c45a9911558fb929016e58ae3e6d0b4588c5c65eedd8caf04a6ce48fb08967530a6cedd58c36142356606faf621c4d393018d68ba5290906c36a03e15a94580c86b4b0180c89788c4d6930185689a138b1026d52064207337f042b42f60c5911728086b880c306af384053199e8d1570a6b8aa4018cc108bdb6b6ac26e8757f41c2ac2d958c2c034ab128c8d2df024be4a12acc118b19866d581de1aaf98665581aeb107a659152458c120b1e86631c1e2040de123c162d3900e160795091f0e1613f84a12ac609858f449fd62684c83093c13771df0f4343aa374e0895f581afbe03ca9c38230382016b7edf82b0887c605581a3ac3d638013784b120e470d6ed71368ec0ae218d069a0ef72e081b5f08341d6834b01f7d5fa3c11dafc82c1a58b4b3c82b328bb8a3314a66d118a5514a5e350d994590576416794566dd1673d3905984383affbc62db90bc22b3c82b328bb83dafc82ce6ed64167d06328b20afc82cf24a8d59dc7b4f5ed129ad13edd634641621ceaba169c82c82bc8a07b74897c3189a8ac19952f24a8959dcbb53045d533bb82bac04cea67e0c3cb39bf6154d78da579e9845db018969686e031edacd7290b603cb411687c43dd376a6f0ece23085af21bd5a9b5be2e0d233bd62a2e52e0cf6cd7d1178ba32dd2b3a5a9ef00ccdcdb1331c2ae0688895be03c3a00e38572a5c0d0672ea2736864356833ad521371dd21455324b295a22984925e6f0ccda99c3fbc0c9acfdfb0e0f452b4bae365288a245b9a26851ae285a942be2efe521271e2e7b5794ab28701b3ebd2b25239e53cbf15868b55fe91e721f3e3b834a493ce32193769d249ef1f06d146407272d1ed2d47a695d310ab23ed4a805190573ea43a65adfe3c95a90a9964272454754a27f482b9ec99552164f6a7d72aeb8b54b328ba761fa8b56ccd9492d9682a4960f742c05492dd28ad422ad88bb528bb44250eb6ee6032b41fa5aa4151b3d74d9896fa97587f6347b8225102acfe35b66ece592adaee218c8d4aa6c44ac52b63ac6c0f2d86b3bb56d3c2856942df1cceae40e095bd956154562b77329ed1589de43e293f9bad590788c6415416efd9b5791551e30ccaeb83531afa26ec93b0b336b406fdc329fcb7f481503a053ebb49bcc6655071b81be13aee36990548c7f7598a7a7998c6bec7a2a5555eee95e9c5ced326fcca9ea54ae79694b716aa750559e73f5dd888d7dd4a91b49d7d1e96fc7589ef3ce24fd8edab5cf4f15f15a96f9d818f9ee4eaf6dee96498a50f3ceb8477ce5d7f141b031252f5fba1f7ca242112fb16e5b3fcff3f281ef756cfcf19f3efe8f79dbc82682200882200882200882200882200882200882200882200882200882205ce27f020c001dbf129172c7cde50000000049454e44ae426082, 0),
(8, 'mario.pro@hotmail.com', '', 'Mario', '1111-05-03', 'hombre', NULL, 0),
(9, 'usuariok@ucm.es', '', 'Mario', '1111-05-03', 'hombre', NULL, 0),
(10, 'asd@asd.asd', '', 'Hola', '1995-03-01', 'otro', NULL, 0),
(11, 'usuario1@ucm.es', '', 'Hola Que Tal', '1111-03-03', 'otro', NULL, 0),
(12, 'usuario2@ucm.es', '', 'Mario', '1999-04-01', 'otro', NULL, 0),
(13, 'usuario3@ucm.es', '', 'Nuevo1', '1992-01-06', 'mujer', NULL, 0),
(14, 'usuario7@ucm.es', '', 'Mario', '2000-06-03', 'hombre', NULL, 0),
(15, 'mario@ucm.es', '', 'Mario Sanchez Blanco', '1994-03-06', 'otro', NULL, 0),
(16, 'a@a.a', '', 'a', '1999-02-03', 'otro', NULL, 0);

--
-- Índices para tablas volcadas
--

--
-- Indices de la tabla `imagenes`
--
ALTER TABLE `imagenes`
  ADD KEY `id_usuario_fk` (`id_usuario`);

--
-- Indices de la tabla `sessions`
--
ALTER TABLE `sessions`
  ADD PRIMARY KEY (`session_id`);

--
-- Indices de la tabla `tabla_preguntas`
--
ALTER TABLE `tabla_preguntas`
  ADD PRIMARY KEY (`id`);

--
-- Indices de la tabla `tabla_relacion`
--
ALTER TABLE `tabla_relacion`
  ADD PRIMARY KEY (`id`),
  ADD UNIQUE KEY `id` (`id`),
  ADD KEY `usuarioA_fk` (`id_usuario_A`),
  ADD KEY `usuarioB_fk` (`id_usuario_B`),
  ADD KEY `usuario_ini_fk` (`usuario_inicio_relacion`);

--
-- Indices de la tabla `tabla_respuestas`
--
ALTER TABLE `tabla_respuestas`
  ADD PRIMARY KEY (`id`),
  ADD KEY `id_pregunta_fk` (`id_pregunta`);

--
-- Indices de la tabla `tabla_respuestas_usuario`
--
ALTER TABLE `tabla_respuestas_usuario`
  ADD KEY `idRespuesta_fk` (`id_respuesta`),
  ADD KEY `usuario_respuesta_fk` (`id_usuario`);

--
-- Indices de la tabla `usuario`
--
ALTER TABLE `usuario`
  ADD PRIMARY KEY (`id`),
  ADD UNIQUE KEY `correo` (`email`),
  ADD UNIQUE KEY `id` (`id`);

--
-- AUTO_INCREMENT de las tablas volcadas
--

--
-- AUTO_INCREMENT de la tabla `tabla_preguntas`
--
ALTER TABLE `tabla_preguntas`
  MODIFY `id` int(5) NOT NULL AUTO_INCREMENT, AUTO_INCREMENT=8;

--
-- AUTO_INCREMENT de la tabla `tabla_relacion`
--
ALTER TABLE `tabla_relacion`
  MODIFY `id` int(5) NOT NULL AUTO_INCREMENT;

--
-- AUTO_INCREMENT de la tabla `tabla_respuestas`
--
ALTER TABLE `tabla_respuestas`
  MODIFY `id` int(11) NOT NULL AUTO_INCREMENT, AUTO_INCREMENT=16;

--
-- AUTO_INCREMENT de la tabla `usuario`
--
ALTER TABLE `usuario`
  MODIFY `id` int(5) NOT NULL AUTO_INCREMENT, AUTO_INCREMENT=17;

--
-- Restricciones para tablas volcadas
--

--
-- Filtros para la tabla `imagenes`
--
ALTER TABLE `imagenes`
  ADD CONSTRAINT `id_usuario_fk` FOREIGN KEY (`id_usuario`) REFERENCES `usuario` (`id`) ON DELETE CASCADE;

--
-- Filtros para la tabla `tabla_relacion`
--
ALTER TABLE `tabla_relacion`
  ADD CONSTRAINT `usuarioA_fk` FOREIGN KEY (`id_usuario_A`) REFERENCES `usuario` (`id`) ON DELETE CASCADE,
  ADD CONSTRAINT `usuarioB_fk` FOREIGN KEY (`id_usuario_B`) REFERENCES `usuario` (`id`) ON DELETE CASCADE,
  ADD CONSTRAINT `usuario_ini_fk` FOREIGN KEY (`usuario_inicio_relacion`) REFERENCES `usuario` (`id`) ON DELETE CASCADE;

--
-- Filtros para la tabla `tabla_respuestas`
--
ALTER TABLE `tabla_respuestas`
  ADD CONSTRAINT `id_pregunta_fk` FOREIGN KEY (`id_pregunta`) REFERENCES `tabla_preguntas` (`id`) ON DELETE CASCADE;

--
-- Filtros para la tabla `tabla_respuestas_usuario`
--
ALTER TABLE `tabla_respuestas_usuario`
  ADD CONSTRAINT `idRespuesta_fk` FOREIGN KEY (`id_respuesta`) REFERENCES `tabla_respuestas` (`id`) ON DELETE CASCADE,
  ADD CONSTRAINT `usuario_respuesta_fk` FOREIGN KEY (`id_usuario`) REFERENCES `usuario` (`id`) ON DELETE CASCADE;
COMMIT;

/*!40101 SET CHARACTER_SET_CLIENT=@OLD_CHARACTER_SET_CLIENT */;
/*!40101 SET CHARACTER_SET_RESULTS=@OLD_CHARACTER_SET_RESULTS */;
/*!40101 SET COLLATION_CONNECTION=@OLD_COLLATION_CONNECTION */;
